acc1,acc5,mean_per_class_recall,dataset,model,pretrained,task,mean_average_precision,image_retrieval_recall@5,text_retrieval_recall@5,model_fullname
0.0232340494791666,0.1152615017361111,0.0242046402834269,vtab/dsprites_label_orientation,ViT-L-14,openai,zeroshot_classification,,,,ViT-L-14 openai
0.4460852605182502,0.9469211479520758,0.3940612716631316,fer2013,ViT-B-16-plus-240,laion400m_e32,zeroshot_classification,,,,ViT-B-16-plus-240 laion400m_e32
0.7738666666666667,0.9362666666666668,0.7345750490593081,imagenet-a,ViT-L-14-336,openai,zeroshot_classification,,,,ViT-L-14-336 openai
0.4457446808510638,0.7585106382978724,0.449468085106383,vtab/dtd,ViT-B-16,openai,zeroshot_classification,,,,ViT-B-16 openai
0.7521562425290105,0.9608106368501388,0.7512820500659019,sun397,ViT-H-14,laion2b_s32b_b79k,zeroshot_classification,,,,ViT-H-14 laion2b_s32b_b79k
,,,voc2007_multilabel,ViT-B-32,laion2b_s34b_b79k,zeroshot_classification,0.796263575553894,,,ViT-B-32 laion2b_s34b_b79k
0.7557,0.9386,0.7554000000000001,vtab/cifar100,ViT-B-32,laion2b_s34b_b79k,zeroshot_classification,,,,ViT-B-32 laion2b_s34b_b79k
0.665,0.89844,0.66506,imagenet1k,ViT-B-32,laion2b_s34b_b79k,zeroshot_classification,,,,ViT-B-32 laion2b_s34b_b79k
0.1889597536837475,0.819793270288102,0.1681683759314615,vtab/dmlab,ViT-B-32,laion2b_e16,zeroshot_classification,,,,ViT-B-32 laion2b_e16
0.4955,0.8497,0.5259367109048434,mnist,ViT-B-16,openai,zeroshot_classification,,,,ViT-B-16 openai
0.5175536361103371,0.9651713569239344,0.5055924943171644,fer2013,ViT-H-14,laion2b_s32b_b79k,zeroshot_classification,,,,ViT-H-14 laion2b_s32b_b79k
0.6246666789267521,0.91313422954558,0.6346910684418603,sun397,ViT-B-32,openai,zeroshot_classification,,,,ViT-B-32 openai
0.9070591441809758,0.995366584900518,0.9070894162634328,vtab/pets,ViT-B-32,laion2b_s34b_b79k,zeroshot_classification,,,,ViT-B-32 laion2b_s34b_b79k
0.5609659540775931,0.8069675376088677,0.5169427663206733,gtsrb,ViT-L-14,laion2b_s32b_b82k,zeroshot_classification,,,,ViT-L-14 laion2b_s32b_b82k
0.0313720703125,0.1469997829861111,0.0320098582855241,vtab/dsprites_label_x_position,ViT-L-14-336,openai,zeroshot_classification,,,,ViT-L-14-336 openai
0.3628226797787339,0.6565765212046711,0.4033487053539641,vtab/svhn,ViT-B-16-plus-240,laion400m_e32,zeroshot_classification,,,,ViT-B-16-plus-240 laion400m_e32
0.4362628661916072,0.7091844813935075,0.370358797280688,gtsrb,ViT-B-16,openai,zeroshot_classification,,,,ViT-B-16 openai
0.5535494775660725,0.9136447449293178,0.5591738787984386,vtab/svhn,ViT-L-14-336,openai,zeroshot_classification,,,,ViT-L-14-336 openai
0.4417465274038979,0.7008721869279638,0.4272611771980346,objectnet,ViT-B-32,openai,zeroshot_classification,,,,ViT-B-32 openai
0.7174074074074074,0.9561111111111112,0.7202760268647987,vtab/eurosat,ViT-H-14,laion2b_s32b_b79k,zeroshot_classification,,,,ViT-H-14 laion2b_s32b_b79k
0.501821060965954,0.7586698337292161,0.4394378810250903,gtsrb,ViT-L-14,openai,zeroshot_classification,,,,ViT-L-14 openai
0.9321340964840557,0.9978195693649496,0.9313974108097984,vtab/pets,ViT-L-14,laion2b_s32b_b82k,zeroshot_classification,,,,ViT-L-14 laion2b_s32b_b82k
0.4934283452098179,0.7430720506730008,0.4353727539920664,gtsrb,ViT-B-32,laion2b_s34b_b79k,zeroshot_classification,,,,ViT-B-32 laion2b_s34b_b79k
0.8522353714661407,0.963346482577252,0.944284654839904,vtab/caltech101,ViT-g-14,laion2b_s12b_b42k,zeroshot_classification,,,,ViT-g-14 laion2b_s12b_b42k
,,,flickr30k,ViT-B-32-quickgelu,laion400m_e32,zeroshot_retrieval,,0.8546000123023987,0.9409999847412108,ViT-B-32-quickgelu laion400m_e32
0.1178600823045267,0.5817283950617284,0.1208963734895024,vtab/smallnorb_label_elevation,ViT-B-32,openai,zeroshot_classification,,,,ViT-B-32 openai
0.76664,0.9485,0.76656,imagenet1k,ViT-g-14,laion2b_s12b_b42k,zeroshot_classification,,,,ViT-g-14 laion2b_s12b_b42k
0.7679,0.9386,0.7581398074696393,mnist,ViT-L-14,openai,zeroshot_classification,,,,ViT-L-14 openai
0.2883263009845288,,0.3645688070267072,vtab/kitti_closest_vehicle_distance,ViT-B-32-quickgelu,laion400m_e32,zeroshot_classification,,,,ViT-B-32-quickgelu laion400m_e32
0.1854185418541854,0.4452445244524452,0.1875846702317291,fgvc_aircraft,ViT-B-16-plus-240,laion400m_e32,zeroshot_classification,,,,ViT-B-16-plus-240 laion400m_e32
0.0197618272569444,0.1133355034722222,0.0176459217575104,vtab/dsprites_label_orientation,ViT-B-16,openai,zeroshot_classification,,,,ViT-B-16 openai
,,,flickr8k,ViT-B-16-plus-240,laion400m_e32,zeroshot_retrieval,,0.873199999332428,0.9549999833106995,ViT-B-16-plus-240 laion400m_e32
0.551063829787234,0.8356382978723405,0.5499999999999999,vtab/dtd,ViT-L-14,openai,zeroshot_classification,,,,ViT-L-14 openai
0.8391,0.9729,0.8388,vtab/cifar100,ViT-g-14,laion2b_s12b_b42k,zeroshot_classification,,,,ViT-g-14 laion2b_s12b_b42k
0.482037037037037,0.935,0.493913656654034,vtab/eurosat,ViT-B-32,laion2b_s34b_b79k,zeroshot_classification,,,,ViT-B-32 laion2b_s34b_b79k
0.6828752642706131,0.8578630671653927,0.6628139602370955,vtab/flowers,ViT-B-32-quickgelu,laion400m_e32,zeroshot_classification,,,,ViT-B-32-quickgelu laion400m_e32
0.5844813935075218,0.820744259699129,0.5442606899522975,gtsrb,ViT-H-14,laion2b_s32b_b79k,zeroshot_classification,,,,ViT-H-14 laion2b_s32b_b79k
0.50628662109375,,0.5062329426609509,vtab/pcam,ViT-B-16,openai,zeroshot_classification,,,,ViT-B-16 openai
0.6932,0.8887,0.6785851251044699,imagenet-r,ViT-B-32,openai,zeroshot_classification,,,,ViT-B-32 openai
0.2304230423042304,0.5295529552955296,0.2319696969696969,fgvc_aircraft,ViT-B-32,laion2b_e16,zeroshot_classification,,,,ViT-B-32 laion2b_e16
0.605010986328125,,0.605165824864527,vtab/pcam,ViT-B-16,laion400m_e32,zeroshot_classification,,,,ViT-B-16 laion400m_e32
,,,flickr8k,ViT-B-16,laion400m_e32,zeroshot_retrieval,,0.8575999736785889,0.9409999847412109,ViT-B-16 laion400m_e32
0.7835420393559929,0.9242153195641568,0.7862863094545812,vtab/flowers,ViT-L-14-336,openai,zeroshot_classification,,,,ViT-L-14-336 openai
0.9467,0.999,0.9466,vtab/cifar10,ViT-L-14,laion400m_e32,zeroshot_classification,,,,ViT-L-14 laion400m_e32
0.6961,0.9086,0.6957000000000001,imagenetv2,ViT-g-14,laion2b_s12b_b42k,zeroshot_classification,,,,ViT-g-14 laion2b_s12b_b42k
0.4345209817893903,0.707680126682502,0.400638686800972,gtsrb,ViT-B-16,laion400m_e32,zeroshot_classification,,,,ViT-B-16 laion400m_e32
0.0317789713541666,0.147705078125,0.0324921668671336,vtab/dsprites_label_x_position,ViT-L-14,openai,zeroshot_classification,,,,ViT-L-14 openai
0.7871,0.9505,0.7775130720394369,mnist,ViT-L-14-336,openai,zeroshot_classification,,,,ViT-L-14-336 openai
0.63334,0.88778,0.63284,imagenet1k,ViT-B-32,openai,zeroshot_classification,,,,ViT-B-32 openai
0.6031914893617021,0.8867021276595745,0.6042553191489363,vtab/dtd,ViT-L-14,laion400m_e32,zeroshot_classification,,,,ViT-L-14 laion400m_e32
0.985875,0.99975,0.9864999999999998,stl10,ViT-g-14,laion2b_s12b_b42k,zeroshot_classification,,,,ViT-g-14 laion2b_s12b_b42k
0.2636018957345971,0.5149289099526067,0.2629857819905213,country211,ViT-L-14,laion2b_s32b_b82k,zeroshot_classification,,,,ViT-L-14 laion2b_s32b_b82k
0.5132978723404256,0.7787234042553192,0.5095744680851063,vtab/dtd,ViT-B-16,laion400m_e32,zeroshot_classification,,,,ViT-B-16 laion400m_e32
0.4342160768689946,1.0,0.2167811161586062,vtab/diabetic_retinopathy,ViT-g-14,laion2b_s12b_b42k,zeroshot_classification,,,,ViT-g-14 laion2b_s12b_b42k
0.5512,0.8156,0.5509,imagenetv2,ViT-B-32-quickgelu,laion400m_e32,zeroshot_classification,,,,ViT-B-32-quickgelu laion400m_e32
0.7105220361034315,0.8590014636526264,0.6857234783638442,vtab/flowers,ViT-B-16-plus-240,laion400m_e32,zeroshot_classification,,,,ViT-B-16-plus-240 laion400m_e32
0.6867793368519779,0.9372344925244128,0.6845985471139586,sun397,ViT-B-32,laion2b_s34b_b79k,zeroshot_classification,,,,ViT-B-32 laion2b_s34b_b79k
0.5016666666666667,0.959074074074074,0.511474800858698,vtab/eurosat,ViT-B-32,laion2b_e16,zeroshot_classification,,,,ViT-B-32 laion2b_e16
0.8468,0.9733,0.8471000000000001,vtab/cifar100,ViT-H-14,laion2b_s32b_b79k,zeroshot_classification,,,,ViT-H-14 laion2b_s32b_b79k
,,,voc2007_multilabel,ViT-H-14,laion2b_s32b_b79k,zeroshot_classification,0.801436722278595,,,ViT-H-14 laion2b_s32b_b79k
0.9172,0.9975,0.9172,vtab/cifar10,ViT-B-16,laion400m_e32,zeroshot_classification,,,,ViT-B-16 laion400m_e32
0.6981352410026298,0.9398183055335896,0.6849982147927691,sun397,ViT-B-16-plus-240,laion400m_e32,zeroshot_classification,,,,ViT-B-16-plus-240 laion400m_e32
0.77972,0.95216,0.77952,imagenet1k,ViT-H-14,laion2b_s32b_b79k,zeroshot_classification,,,,ViT-H-14 laion2b_s32b_b79k
0.029541015625,0.1558973524305555,0.0292117961574083,vtab/dsprites_label_x_position,ViT-B-16,openai,zeroshot_classification,,,,ViT-B-16 openai
0.5,0.7502771179730799,0.4499584478173962,gtsrb,ViT-L-14,laion400m_e32,zeroshot_classification,,,,ViT-L-14 laion400m_e32
0.7590333333333333,0.9128666666666668,0.7444515544684158,imagenet-r,ViT-B-32,laion2b_e16,zeroshot_classification,,,,ViT-B-32 laion2b_e16
0.4690721649484536,0.931178601281694,0.4334946917742944,fer2013,ViT-B-32,laion2b_s34b_b79k,zeroshot_classification,,,,ViT-B-32 laion2b_s34b_b79k
0.485626220703125,,0.4856418903784925,vtab/pcam,ViT-L-14,laion400m_e32,zeroshot_classification,,,,ViT-L-14 laion400m_e32
0.9438539111474517,0.9986372308530936,0.9434557685576204,vtab/pets,ViT-H-14,laion2b_s32b_b79k,zeroshot_classification,,,,ViT-H-14 laion2b_s32b_b79k
,,,flickr8k,ViT-L-14,laion400m_e32,zeroshot_retrieval,,0.8984000086784363,0.9649999737739563,ViT-L-14 laion400m_e32
0.0972839506172839,0.5397530864197531,0.0973286727349915,vtab/smallnorb_label_elevation,ViT-B-32-quickgelu,laion400m_e32,zeroshot_classification,,,,ViT-B-32-quickgelu laion400m_e32
0.5159912109375,,0.5157975788193991,vtab/pcam,ViT-L-14,openai,zeroshot_classification,,,,ViT-L-14 openai
0.7824519230769231,0.9688835470085472,0.8629106820310023,voc2007,ViT-L-14-336,openai,zeroshot_classification,,,,ViT-L-14-336 openai
0.0293918185763888,0.150390625,0.0306791200330755,vtab/dsprites_label_x_position,ViT-B-32-quickgelu,laion400m_e32,zeroshot_classification,,,,ViT-B-32-quickgelu laion400m_e32
0.5710666666666666,0.8348,0.5639196371233688,imagenet-a,ViT-g-14,laion2b_s12b_b42k,zeroshot_classification,,,,ViT-g-14 laion2b_s12b_b42k
0.6408566721581549,,0.6410094956864107,renderedsst2,ViT-H-14,laion2b_s32b_b79k,zeroshot_classification,,,,ViT-H-14 laion2b_s32b_b79k
0.1134156378600823,0.5579423868312757,0.1146512139135114,vtab/smallnorb_label_elevation,ViT-g-14,laion2b_s12b_b42k,zeroshot_classification,,,,ViT-g-14 laion2b_s12b_b42k
0.1590499230261711,0.8403782713877281,0.1701282125753662,vtab/dmlab,ViT-B-16,openai,zeroshot_classification,,,,ViT-B-16 openai
,,,voc2007_multilabel,ViT-B-32,laion2b_e16,zeroshot_classification,0.7927550077438354,,,ViT-B-32 laion2b_e16
,,,mscoco_captions,ViT-B-16,laion400m_e32,zeroshot_retrieval,,0.6364254355430603,0.7961999773979187,ViT-B-16 laion400m_e32
0.758985200845666,0.8894129126687266,0.7455642498757189,vtab/flowers,ViT-L-14,laion2b_s32b_b82k,zeroshot_classification,,,,ViT-L-14 laion2b_s32b_b82k
,,,voc2007_multilabel,ViT-B-32,openai,zeroshot_classification,0.7601363658905029,,,ViT-B-32 openai
0.6968,0.9081,0.6974,imagenetv2,ViT-L-14,openai,zeroshot_classification,,,,ViT-L-14 openai
0.8893431452711911,0.9940038157536112,0.884512216368383,vtab/pets,ViT-B-16,openai,zeroshot_classification,,,,ViT-B-16 openai
0.7021,0.9244,0.703,vtab/cifar100,ViT-B-32-quickgelu,laion400m_e32,zeroshot_classification,,,,ViT-B-32-quickgelu laion400m_e32
0.5072222222222222,0.9255555555555556,0.489609055911575,vtab/eurosat,ViT-B-32,openai,zeroshot_classification,,,,ViT-B-32 openai
0.7067545304777595,,0.7068315384169996,renderedsst2,ViT-L-14-336,openai,zeroshot_classification,,,,ViT-L-14-336 openai
0.665743087897188,0.8816640138340309,0.6655023529411764,imagenet_sketch,ViT-H-14,laion2b_s32b_b79k,zeroshot_classification,,,,ViT-H-14 laion2b_s32b_b79k
0.5155555555555555,0.9201851851851852,0.526225901185735,vtab/eurosat,ViT-B-32-quickgelu,laion400m_e32,zeroshot_classification,,,,ViT-B-32-quickgelu laion400m_e32
,,,flickr30k,ViT-B-32,openai,zeroshot_retrieval,,0.8338000178337097,0.9490000009536744,ViT-B-32 openai
0.1593333333333333,0.9299333333333332,0.1673057808855792,vtab/clevr_closest_object_distance,ViT-B-32-quickgelu,laion400m_e32,zeroshot_classification,,,,ViT-B-32-quickgelu laion400m_e32
0.7464,0.9285,0.7471,vtab/cifar100,ViT-L-14-336,openai,zeroshot_classification,,,,ViT-L-14-336 openai
,,,mscoco_captions,ViT-L-14,laion400m_e32,zeroshot_retrieval,,0.6805678009986877,0.8216000199317932,ViT-L-14 laion400m_e32
0.9307713273371492,0.9980921231943308,0.9330900923082088,vtab/pets,ViT-L-14,openai,zeroshot_classification,,,,ViT-L-14 openai
0.6188,0.8745,0.6202000000000001,imagenetv2,ViT-B-16,openai,zeroshot_classification,,,,ViT-B-16 openai
0.4230383776454636,0.7030792509186661,0.4230898039215686,imagenet_sketch,ViT-B-32,openai,zeroshot_classification,,,,ViT-B-32 openai
0.7910657051282052,0.9600026709401708,0.8052125971178338,voc2007,ViT-B-32,laion2b_s34b_b79k,zeroshot_classification,,,,ViT-B-32 laion2b_s34b_b79k
0.1674950516824279,0.8040906091928745,0.1782001238774596,vtab/dmlab,ViT-L-14,openai,zeroshot_classification,,,,ViT-L-14 openai
0.8310322156476002,0.9529914529914528,0.903296243135675,vtab/caltech101,ViT-B-32,laion2b_e16,zeroshot_classification,,,,ViT-B-32 laion2b_e16
0.1094650205761317,0.5571193415637861,0.1098932195729559,vtab/smallnorb_label_elevation,ViT-L-14,laion2b_s32b_b82k,zeroshot_classification,,,,ViT-L-14 laion2b_s32b_b82k
0.5716,0.8386,0.5721,imagenetv2,ViT-B-32,laion2b_e16,zeroshot_classification,,,,ViT-B-32 laion2b_e16
0.1080658436213991,0.5204115226337449,0.108510287776451,vtab/smallnorb_label_elevation,ViT-B-16-plus-240,laion400m_e32,zeroshot_classification,,,,ViT-B-16-plus-240 laion400m_e32
0.8982,0.9963,0.8995000000000001,vtab/cifar10,ViT-B-32,openai,zeroshot_classification,,,,ViT-B-32 openai
0.9381302807304442,0.9986372308530936,0.9372081115891412,vtab/pets,ViT-L-14-336,openai,zeroshot_classification,,,,ViT-L-14-336 openai
0.5819,0.8386,0.5815,imagenetv2,ViT-B-32,laion2b_s34b_b79k,zeroshot_classification,,,,ViT-B-32 laion2b_s34b_b79k
0.6666666666666666,0.941904761904762,0.6759805529181834,vtab/resisc45,ViT-L-14,laion2b_s32b_b82k,zeroshot_classification,,,,ViT-L-14 laion2b_s32b_b82k
,,,voc2007_multilabel,ViT-B-16-plus-240,laion400m_e32,zeroshot_classification,0.7846916913986206,,,ViT-B-16-plus-240 laion400m_e32
0.5363831083338246,0.7926467409459804,0.53684,imagenet_sketch,ViT-B-32,laion2b_s34b_b79k,zeroshot_classification,,,,ViT-B-32 laion2b_s34b_b79k
0.7930605646063923,0.986693197363512,0.79277195221544,cars,ViT-L-14-336,openai,zeroshot_classification,,,,ViT-L-14-336 openai
0.6457990115321252,,0.6459400874297956,renderedsst2,ViT-g-14,laion2b_s12b_b42k,zeroshot_classification,,,,ViT-g-14 laion2b_s12b_b42k
0.6445715707001617,0.9434149981345604,0.6469166001999892,cars,ViT-B-16,openai,zeroshot_classification,,,,ViT-B-16 openai
0.503753662109375,,0.5035515136049098,vtab/pcam,ViT-B-32,laion2b_e16,zeroshot_classification,,,,ViT-B-32 laion2b_e16
0.5706822372464659,0.9138752304855562,0.5886888789913961,vtab/svhn,ViT-L-14,openai,zeroshot_classification,,,,ViT-L-14 openai
0.7761084401709402,0.9418402777777778,0.8508423918048074,voc2007,ViT-H-14,laion2b_s32b_b79k,zeroshot_classification,,,,ViT-H-14 laion2b_s32b_b79k
0.1884360189573459,0.4163507109004739,0.1883412322274882,country211,ViT-B-16-plus-240,laion400m_e32,zeroshot_classification,,,,ViT-B-16-plus-240 laion400m_e32
0.97075,0.999375,0.971875,stl10,ViT-B-32,openai,zeroshot_classification,,,,ViT-B-32 openai
0.1508247195953375,0.8088849791071036,0.1720986035113953,vtab/dmlab,ViT-B-16,laion400m_e32,zeroshot_classification,,,,ViT-B-16 laion400m_e32
0.2629716428404031,1.0,0.2194476579174435,vtab/diabetic_retinopathy,ViT-B-32,openai,zeroshot_classification,,,,ViT-B-32 openai
0.4630454824830977,0.817340196681008,0.4869931863892911,vtab/svhn,ViT-L-14,laion2b_s32b_b82k,zeroshot_classification,,,,ViT-L-14 laion2b_s32b_b82k
,,,mscoco_captions,ViT-B-32,laion2b_e16,zeroshot_retrieval,,0.6467413306236267,0.7950000166893005,ViT-B-32 laion2b_e16
0.270042194092827,,0.3517916468296155,vtab/kitti_closest_vehicle_distance,ViT-B-16,openai,zeroshot_classification,,,,ViT-B-16 openai
0.7082,0.9169,0.709,imagenetv2,ViT-H-14,laion2b_s32b_b79k,zeroshot_classification,,,,ViT-H-14 laion2b_s32b_b79k
0.6352380952380953,0.9225396825396824,0.6419889996880412,vtab/resisc45,ViT-L-14,openai,zeroshot_classification,,,,ViT-L-14 openai
0.5404255319148936,0.8398936170212766,0.5367021276595745,vtab/dtd,ViT-B-32,laion2b_e16,zeroshot_classification,,,,ViT-B-32 laion2b_e16
0.2236286919831223,,0.3717030717825018,vtab/kitti_closest_vehicle_distance,ViT-L-14,openai,zeroshot_classification,,,,ViT-L-14 openai
0.5850793650793651,0.910952380952381,0.5919202546199539,vtab/resisc45,ViT-B-16,openai,zeroshot_classification,,,,ViT-B-16 openai
0.7567441239316239,0.9461805555555556,0.7914514618991711,voc2007,ViT-B-32-quickgelu,laion400m_e32,zeroshot_classification,,,,ViT-B-32-quickgelu laion400m_e32
0.3319333333333333,0.9534,0.3193231509666999,vtab/clevr_count_all,ViT-g-14,laion2b_s12b_b42k,zeroshot_classification,,,,ViT-g-14 laion2b_s12b_b42k
0.5661724327292696,,0.5658672775172254,renderedsst2,ViT-B-32,laion2b_s34b_b79k,zeroshot_classification,,,,ViT-B-32 laion2b_s34b_b79k
0.2686357243319268,,0.3735376764204429,vtab/kitti_closest_vehicle_distance,ViT-L-14-336,openai,zeroshot_classification,,,,ViT-L-14-336 openai
0.1856168902573125,0.82608313173521,0.1925396140565279,vtab/dmlab,ViT-L-14,laion400m_e32,zeroshot_classification,,,,ViT-L-14 laion400m_e32
0.8504273504273504,0.9681130834976988,0.9394300669046936,vtab/caltech101,ViT-L-14,laion2b_s32b_b82k,zeroshot_classification,,,,ViT-L-14 laion2b_s32b_b82k
0.7768934212162666,0.983957219251337,0.777448930592225,cars,ViT-L-14,openai,zeroshot_classification,,,,ViT-L-14 openai
0.3048171481253841,0.7613706207744315,0.3503741918499782,vtab/svhn,ViT-B-16,openai,zeroshot_classification,,,,ViT-B-16 openai
0.96575,0.999375,0.966625,stl10,ViT-B-32,laion2b_s34b_b79k,zeroshot_classification,,,,ViT-B-32 laion2b_s34b_b79k
0.6219482421875,,0.6220625731388706,vtab/pcam,ViT-B-32,openai,zeroshot_classification,,,,ViT-B-32 openai
,,,flickr30k,ViT-L-14,laion400m_e32,zeroshot_retrieval,,0.9082000255584716,0.977999985218048,ViT-L-14 laion400m_e32
0.72734,0.9293,0.72694,imagenet1k,ViT-L-14,laion400m_e32,zeroshot_classification,,,,ViT-L-14 laion400m_e32
0.7766666666666666,0.9304333333333332,0.7605432098970494,imagenet-r,ViT-B-16,openai,zeroshot_classification,,,,ViT-B-16 openai
0.6137,0.8644,0.6146999999999999,imagenetv2,ViT-B-16-plus-240,laion400m_e32,zeroshot_classification,,,,ViT-B-16-plus-240 laion400m_e32
0.2877333333333333,0.9075333333333332,0.2821869879006831,vtab/clevr_count_all,ViT-B-16,laion400m_e32,zeroshot_classification,,,,ViT-B-16 laion400m_e32
0.6190740740740741,0.962037037037037,0.6309344676440423,vtab/eurosat,ViT-L-14-336,openai,zeroshot_classification,,,,ViT-L-14-336 openai
0.0313313802083333,0.1560872395833333,0.031335128135504,vtab/dsprites_label_x_position,ViT-B-32,laion2b_e16,zeroshot_classification,,,,ViT-B-32 laion2b_e16
0.1149794238683127,0.5761316872427984,0.115904554765943,vtab/smallnorb_label_elevation,ViT-B-32,laion2b_s34b_b79k,zeroshot_classification,,,,ViT-B-32 laion2b_s34b_b79k
0.7760611481541714,0.9046999512115792,0.7813275676765017,vtab/flowers,ViT-g-14,laion2b_s12b_b42k,zeroshot_classification,,,,ViT-g-14 laion2b_s12b_b42k
0.8865,0.9695666666666668,0.8748158307459671,imagenet-r,ViT-g-14,laion2b_s12b_b42k,zeroshot_classification,,,,ViT-g-14 laion2b_s12b_b42k
,,,mscoco_captions,ViT-H-14,laion2b_s32b_b79k,zeroshot_retrieval,,0.734306275844574,0.8604000210762024,ViT-H-14 laion2b_s32b_b79k
0.7524,0.9418,0.7528999999999999,vtab/cifar100,ViT-B-32,laion2b_e16,zeroshot_classification,,,,ViT-B-32 laion2b_e16
0.2618666666666667,0.5721333333333334,0.2839019082932269,imagenet-a,ViT-B-32,laion2b_e16,zeroshot_classification,,,,ViT-B-32 laion2b_e16
0.9345852505907224,0.9988807362268376,0.9351484667320789,cars,ViT-H-14,laion2b_s32b_b79k,zeroshot_classification,,,,ViT-H-14 laion2b_s32b_b79k
0.4286709389802173,0.898300362217888,0.392124222029496,fer2013,ViT-B-16,laion400m_e32,zeroshot_classification,,,,ViT-B-16 laion400m_e32
0.68352,0.91864,0.68396,imagenet1k,ViT-B-16,openai,zeroshot_classification,,,,ViT-B-16 openai
0.1123456790123456,0.5467489711934156,0.1133381228564946,vtab/smallnorb_label_elevation,ViT-L-14-336,openai,zeroshot_classification,,,,ViT-L-14-336 openai
0.4932893159621922,0.7566861207726621,0.4940521568627451,imagenet_sketch,ViT-B-32-quickgelu,laion400m_e32,zeroshot_classification,,,,ViT-B-32-quickgelu laion400m_e32
0.5009752020061299,0.932153803287824,0.449919123283142,fer2013,ViT-L-14,laion400m_e32,zeroshot_classification,,,,ViT-L-14 laion400m_e32
0.7549,0.946,0.7545,imagenet1k,ViT-L-14,openai,zeroshot_classification,,,,ViT-L-14 openai
0.0346001519097222,0.1698269314236111,0.0339338982697889,vtab/dsprites_label_x_position,ViT-B-32,openai,zeroshot_classification,,,,ViT-B-32 openai
0.71777753849467,0.9007214385700442,0.7007187288769688,objectnet,ViT-L-14-336,openai,zeroshot_classification,,,,ViT-L-14-336 openai
0.7294,0.9415,0.7332910901261492,mnist,ViT-H-14,laion2b_s32b_b79k,zeroshot_classification,,,,ViT-H-14 laion2b_s32b_b79k
0.0342746310763888,0.1416965060763889,0.034365141983162,vtab/dsprites_label_orientation,ViT-B-32,laion2b_s34b_b79k,zeroshot_classification,,,,ViT-B-32 laion2b_s34b_b79k
0.210639793766112,1.0,0.2335698910327324,vtab/diabetic_retinopathy,ViT-L-14,laion2b_s32b_b82k,zeroshot_classification,,,,ViT-L-14 laion2b_s32b_b82k
0.8392504930966469,0.9510190664036818,0.9090841082001052,vtab/caltech101,ViT-B-32,laion2b_s34b_b79k,zeroshot_classification,,,,ViT-B-32 laion2b_s34b_b79k
0.2841068917018284,,0.4076831334000694,vtab/kitti_closest_vehicle_distance,ViT-B-16-plus-240,laion400m_e32,zeroshot_classification,,,,ViT-B-16-plus-240 laion400m_e32
0.6813829787234043,0.925531914893617,0.6829787234042553,vtab/dtd,ViT-g-14,laion2b_s12b_b42k,zeroshot_classification,,,,ViT-g-14 laion2b_s12b_b42k
0.6909,0.91432,0.69156,imagenet1k,ViT-B-16-plus-240,laion400m_e32,zeroshot_classification,,,,ViT-B-16-plus-240 laion400m_e32
0.2424666666666666,0.7876,0.2312503165591237,vtab/clevr_count_all,ViT-L-14,laion400m_e32,zeroshot_classification,,,,ViT-L-14 laion400m_e32
0.67002,0.90424,0.67026,imagenet1k,ViT-B-16,laion400m_e32,zeroshot_classification,,,,ViT-B-16 laion400m_e32
,,,flickr30k,ViT-B-16,laion400m_e32,zeroshot_retrieval,,0.881600022315979,0.9679999947547911,ViT-B-16 laion400m_e32
0.8787,0.9709333333333332,0.8651131734542029,imagenet-r,ViT-L-14,openai,zeroshot_classification,,,,ViT-L-14 openai
0.62918,0.87652,0.6289,imagenet1k,ViT-B-32-quickgelu,laion400m_e32,zeroshot_classification,,,,ViT-B-32-quickgelu laion400m_e32
0.5469522240527183,,0.5464163192635053,renderedsst2,ViT-B-16,laion400m_e32,zeroshot_classification,,,,ViT-B-16 laion400m_e32
0.4425531914893617,0.7638297872340426,0.4430851063829787,vtab/dtd,ViT-B-32,openai,zeroshot_classification,,,,ViT-B-32 openai
0.5149133196941962,0.7512652094325402,0.5017005288059357,objectnet,ViT-B-16,laion400m_e32,zeroshot_classification,,,,ViT-B-16 laion400m_e32
0.4855,0.8418,0.4575381785680641,mnist,ViT-B-32,openai,zeroshot_classification,,,,ViT-B-32 openai
0.6550016151609777,0.8503284160654678,0.6433184742666794,objectnet,ViT-L-14,laion2b_s32b_b82k,zeroshot_classification,,,,ViT-L-14 laion2b_s32b_b82k
0.7744,0.9471,0.7737999999999998,vtab/cifar100,ViT-L-14,laion400m_e32,zeroshot_classification,,,,ViT-L-14 laion400m_e32
0.7920656634746922,0.9787339883099117,0.7926165075935756,cars,ViT-B-32-quickgelu,laion400m_e32,zeroshot_classification,,,,ViT-B-32-quickgelu laion400m_e32
0.2081575246132208,,0.1791674645508319,vtab/kitti_closest_vehicle_distance,ViT-L-14,laion400m_e32,zeroshot_classification,,,,ViT-L-14 laion400m_e32
0.0260687934027777,0.1259223090277778,0.0268337475785376,vtab/dsprites_label_orientation,ViT-H-14,laion2b_s32b_b79k,zeroshot_classification,,,,ViT-H-14 laion2b_s32b_b79k
0.6922,0.9403,0.6883700135057857,mnist,ViT-B-32,laion2b_s34b_b79k,zeroshot_classification,,,,ViT-B-32 laion2b_s34b_b79k
0.1143209876543209,0.5373662551440329,0.1138628810502107,vtab/smallnorb_label_elevation,ViT-L-14,openai,zeroshot_classification,,,,ViT-L-14 openai
0.6769,0.9012,0.6781,imagenetv2,ViT-L-14,laion2b_s32b_b82k,zeroshot_classification,,,,ViT-L-14 laion2b_s32b_b82k
0.7683627136752137,0.952590811965812,0.8035754023986389,voc2007,ViT-B-16,laion400m_e32,zeroshot_classification,,,,ViT-B-16 laion400m_e32
0.8504273504273504,0.953155818540434,0.9440706929933655,vtab/caltech101,ViT-H-14,laion2b_s32b_b79k,zeroshot_classification,,,,ViT-H-14 laion2b_s32b_b79k
0.6434889751181566,0.9243614027989776,0.6527406670624641,sun397,ViT-B-16,openai,zeroshot_classification,,,,ViT-B-16 openai
0.3311163895486936,0.7250989707046714,0.3196447660118034,gtsrb,ViT-B-32,openai,zeroshot_classification,,,,ViT-B-32 openai
0.6521841655367565,0.8748649020416986,0.6524090196078433,imagenet_sketch,ViT-g-14,laion2b_s12b_b42k,zeroshot_classification,,,,ViT-g-14 laion2b_s12b_b42k
0.1469194312796208,0.3500473933649289,0.1470142180094787,country211,ViT-B-32-quickgelu,laion400m_e32,zeroshot_classification,,,,ViT-B-32-quickgelu laion400m_e32
0.96875,0.99975,0.9695,stl10,ViT-B-16-plus-240,laion400m_e32,zeroshot_classification,,,,ViT-B-16-plus-240 laion400m_e32
0.6908043501669,0.8805319263486594,0.6736647184602601,objectnet,ViT-L-14,openai,zeroshot_classification,,,,ViT-L-14 openai
0.984375,0.999875,0.9849999999999998,stl10,ViT-H-14,laion2b_s32b_b79k,zeroshot_classification,,,,ViT-H-14 laion2b_s32b_b79k
0.5544309249488533,0.7926671691611931,0.5363732822578842,objectnet,ViT-B-16,openai,zeroshot_classification,,,,ViT-B-16 openai
0.7555422008547008,0.9489182692307692,0.830992972154603,voc2007,ViT-L-14,laion400m_e32,zeroshot_classification,,,,ViT-L-14 laion400m_e32
0.5293285385839769,0.78944369117098,0.5286741176470588,imagenet_sketch,ViT-B-32,laion2b_e16,zeroshot_classification,,,,ViT-B-32 laion2b_e16
0.7889957264957265,0.9573317307692308,0.8054447759101763,voc2007,ViT-B-32,laion2b_e16,zeroshot_classification,,,,ViT-B-32 laion2b_e16
0.675285506739982,0.9369310554094562,0.6824513086557495,sun397,ViT-L-14,openai,zeroshot_classification,,,,ViT-L-14 openai
0.111275720164609,0.5548971193415638,0.1102182875784799,vtab/smallnorb_label_elevation,ViT-H-14,laion2b_s32b_b79k,zeroshot_classification,,,,ViT-H-14 laion2b_s32b_b79k
,,,flickr8k,ViT-B-32,laion2b_e16,zeroshot_retrieval,,0.8574000000953674,0.9319999814033508,ViT-B-32 laion2b_e16
0.5989555292344136,0.8103262625174976,0.586320244179702,objectnet,ViT-L-14,laion400m_e32,zeroshot_classification,,,,ViT-L-14 laion400m_e32
,,,mscoco_captions,ViT-g-14,laion2b_s12b_b42k,zeroshot_retrieval,,0.7239903807640076,0.853600025177002,ViT-g-14 laion2b_s12b_b42k
0.7101,0.9209,0.7106999999999999,vtab/cifar100,ViT-B-16,laion400m_e32,zeroshot_classification,,,,ViT-B-16 laion400m_e32
0.189873417721519,,0.2568338943834677,vtab/kitti_closest_vehicle_distance,ViT-B-16,laion400m_e32,zeroshot_classification,,,,ViT-B-16 laion400m_e32
,,,mscoco_captions,ViT-B-32,laion2b_s34b_b79k,zeroshot_retrieval,,0.654218316078186,0.7982000112533569,ViT-B-32 laion2b_s34b_b79k
0.1186008230452674,0.560082304526749,0.1176434679315522,vtab/smallnorb_label_elevation,ViT-B-16,openai,zeroshot_classification,,,,ViT-B-16 openai
0.5634266886326195,,0.5635892536622082,renderedsst2,ViT-L-14,laion400m_e32,zeroshot_classification,,,,ViT-L-14 laion400m_e32
,,,flickr8k,ViT-L-14,laion2b_s32b_b82k,zeroshot_retrieval,,0.9147999882698059,0.9670000076293945,ViT-L-14 laion2b_s32b_b82k
0.0237358940972222,0.1186116536458333,0.0218059467808842,vtab/dsprites_label_orientation,ViT-B-32,openai,zeroshot_classification,,,,ViT-B-32 openai
0.1316147176001874,1.0,0.230780955782727,vtab/diabetic_retinopathy,ViT-B-16-plus-240,laion400m_e32,zeroshot_classification,,,,ViT-B-16-plus-240 laion400m_e32
0.8599676657132197,0.9912946150976246,0.8615494787047302,cars,ViT-B-32,laion2b_s34b_b79k,zeroshot_classification,,,,ViT-B-32 laion2b_s34b_b79k
0.5569148936170213,0.8361702127659575,0.5563829787234043,vtab/dtd,ViT-L-14-336,openai,zeroshot_classification,,,,ViT-L-14-336 openai
,,,flickr30k,ViT-B-32,laion2b_s34b_b79k,zeroshot_retrieval,,0.8835999965667725,0.9629999995231628,ViT-B-32 laion2b_s34b_b79k
0.0715256620576517,1.0,0.2196341124982623,vtab/diabetic_retinopathy,ViT-L-14,laion400m_e32,zeroshot_classification,,,,ViT-L-14 laion400m_e32
0.5699,0.8279,0.5675693520579019,mnist,ViT-B-16-plus-240,laion400m_e32,zeroshot_classification,,,,ViT-B-16-plus-240 laion400m_e32
0.5940803382663847,0.917174480785972,0.5967107342155968,cars,ViT-B-32,openai,zeroshot_classification,,,,ViT-B-32 openai
0.98275,1.0,0.982875,stl10,ViT-B-16,openai,zeroshot_classification,,,,ViT-B-16 openai
0.4199524940617577,0.6838479809976247,0.393417229364651,gtsrb,ViT-B-32-quickgelu,laion400m_e32,zeroshot_classification,,,,ViT-B-32-quickgelu laion400m_e32
0.0633231778767283,1.0,0.2107285863733837,vtab/diabetic_retinopathy,ViT-B-16,openai,zeroshot_classification,,,,ViT-B-16 openai
0.9497,0.9963,0.9497,vtab/cifar10,ViT-L-14-336,openai,zeroshot_classification,,,,ViT-L-14-336 openai
0.76548,0.95168,0.7656000000000001,imagenet1k,ViT-L-14-336,openai,zeroshot_classification,,,,ViT-L-14-336 openai
0.2742616033755274,,0.405770386325608,vtab/kitti_closest_vehicle_distance,ViT-B-32,openai,zeroshot_classification,,,,ViT-B-32 openai
0.2380126552613077,1.0,0.233320813717688,vtab/diabetic_retinopathy,ViT-H-14,laion2b_s32b_b79k,zeroshot_classification,,,,ViT-H-14 laion2b_s32b_b79k
0.2307582938388625,0.4708056872037914,0.2308530805687204,country211,ViT-L-14,laion400m_e32,zeroshot_classification,,,,ViT-L-14 laion400m_e32
0.2633333333333333,0.574,0.2790514196577626,imagenet-a,ViT-B-32,laion2b_s34b_b79k,zeroshot_classification,,,,ViT-B-32 laion2b_s34b_b79k
,,,voc2007_multilabel,ViT-B-32-quickgelu,laion400m_e32,zeroshot_classification,0.7621888518333435,,,ViT-B-32-quickgelu laion400m_e32
0.199,0.7285333333333334,0.1948019376127608,vtab/clevr_count_all,ViT-L-14-336,openai,zeroshot_classification,,,,ViT-L-14-336 openai
0.5376190476190477,0.8671428571428571,0.5417275836816031,vtab/resisc45,ViT-B-32,openai,zeroshot_classification,,,,ViT-B-32 openai
0.0302191840277777,0.1466335720486111,0.0300817149220147,vtab/dsprites_label_x_position,ViT-B-32,laion2b_s34b_b79k,zeroshot_classification,,,,ViT-B-32 laion2b_s34b_b79k
,,,flickr8k,ViT-g-14,laion2b_s12b_b42k,zeroshot_retrieval,,0.9175999760627747,0.9739999771118164,ViT-g-14 laion2b_s12b_b42k
0.157994281944139,0.8222564328128437,0.1661260800820199,vtab/dmlab,ViT-B-32,laion2b_s34b_b79k,zeroshot_classification,,,,ViT-B-32 laion2b_s34b_b79k
0.1812322274881516,0.4011374407582938,0.181563981042654,country211,ViT-B-16,laion400m_e32,zeroshot_classification,,,,ViT-B-16 laion400m_e32
0.9272,0.9988,0.9272000000000002,vtab/cifar10,ViT-B-16-plus-240,laion400m_e32,zeroshot_classification,,,,ViT-B-16-plus-240 laion400m_e32
0.9401,0.9992,0.9405,vtab/cifar10,ViT-B-32,laion2b_e16,zeroshot_classification,,,,ViT-B-32 laion2b_e16
0.7331380360909304,1.0,0.206266837915639,vtab/diabetic_retinopathy,ViT-L-14,openai,zeroshot_classification,,,,ViT-L-14 openai
0.2587904360056259,,0.3397102822066769,vtab/kitti_closest_vehicle_distance,ViT-B-32,laion2b_s34b_b79k,zeroshot_classification,,,,ViT-B-32 laion2b_s34b_b79k
0.2166666666666666,0.5310666666666667,0.2348332752565157,imagenet-a,ViT-B-32-quickgelu,laion400m_e32,zeroshot_classification,,,,ViT-B-32-quickgelu laion400m_e32
0.99375,1.0,0.993625,stl10,ViT-L-14,openai,zeroshot_classification,,,,ViT-L-14 openai
0.087368174361378,1.0,0.2520359622114083,vtab/diabetic_retinopathy,ViT-B-16,laion400m_e32,zeroshot_classification,,,,ViT-B-16 laion400m_e32
0.1236939151813153,0.6480485556238476,0.1332639799678708,vtab/svhn,ViT-B-32,openai,zeroshot_classification,,,,ViT-B-32 openai
0.5782537067545305,,0.5785203520352036,renderedsst2,ViT-B-16-plus-240,laion400m_e32,zeroshot_classification,,,,ViT-B-16-plus-240 laion400m_e32
0.0588477366255144,0.268395061728395,0.0601925439678357,vtab/smallnorb_label_azimuth,ViT-g-14,laion2b_s12b_b42k,zeroshot_classification,,,,ViT-g-14 laion2b_s12b_b42k
0.6367,0.9218,0.6276012948452819,mnist,ViT-B-32,laion2b_e16,zeroshot_classification,,,,ViT-B-32 laion2b_e16
0.0313856336805555,0.1553955078125,0.0307666564982354,vtab/dsprites_label_x_position,ViT-H-14,laion2b_s32b_b79k,zeroshot_classification,,,,ViT-H-14 laion2b_s32b_b79k
0.9569,0.9963,0.9572,vtab/cifar10,ViT-L-14,openai,zeroshot_classification,,,,ViT-L-14 openai
0.4973871733966746,0.7704671417260491,0.4655936453259506,gtsrb,ViT-g-14,laion2b_s12b_b42k,zeroshot_classification,,,,ViT-g-14 laion2b_s12b_b42k
0.5853968253968254,0.896984126984127,0.5932699170625959,vtab/resisc45,ViT-B-16,laion400m_e32,zeroshot_classification,,,,ViT-B-16 laion400m_e32
0.1419837255333186,0.8292060699362217,0.16573619863836,vtab/dmlab,ViT-H-14,laion2b_s32b_b79k,zeroshot_classification,,,,ViT-H-14 laion2b_s32b_b79k
0.612762451171875,,0.6128028129314551,vtab/pcam,ViT-L-14-336,openai,zeroshot_classification,,,,ViT-L-14-336 openai
0.1945898394545854,0.8513305476138113,0.1635130198328585,vtab/dmlab,ViT-B-32,openai,zeroshot_classification,,,,ViT-B-32 openai
0.7259778950659286,0.9500616069294004,0.7127784763377728,sun397,ViT-L-14,laion400m_e32,zeroshot_classification,,,,ViT-L-14 laion400m_e32
0.4661333333333333,0.7688,0.4728184257301568,imagenet-a,ViT-L-14,laion400m_e32,zeroshot_classification,,,,ViT-L-14 laion400m_e32
0.6371428571428571,0.9277777777777778,0.6463008933552572,vtab/resisc45,ViT-L-14-336,openai,zeroshot_classification,,,,ViT-L-14-336 openai
0.1111111111111111,,0.2722929936305732,vtab/kitti_closest_vehicle_distance,ViT-H-14,laion2b_s32b_b79k,zeroshot_classification,,,,ViT-H-14 laion2b_s32b_b79k
0.6105248678496336,0.8503998899565721,0.6103113725490197,imagenet_sketch,ViT-L-14-336,openai,zeroshot_classification,,,,ViT-L-14-336 openai
0.8732624693376942,0.9926410466067048,0.8695864391489154,vtab/pets,ViT-B-32,openai,zeroshot_classification,,,,ViT-B-32 openai
0.1486,0.9095333333333332,0.1443124682607226,vtab/clevr_closest_object_distance,ViT-L-14,laion400m_e32,zeroshot_classification,,,,ViT-L-14 laion400m_e32
0.0243462456597222,0.1128879123263889,0.0249444752915047,vtab/dsprites_label_orientation,ViT-L-14-336,openai,zeroshot_classification,,,,ViT-L-14-336 openai
0.596238872840889,0.8439741397944546,0.5964254901960785,imagenet_sketch,ViT-L-14,openai,zeroshot_classification,,,,ViT-L-14 openai
0.6276595744680851,0.9069148936170212,0.6324468085106383,vtab/dtd,ViT-L-14,laion2b_s32b_b82k,zeroshot_classification,,,,ViT-L-14 laion2b_s32b_b82k
,,,voc2007_multilabel,ViT-B-16,openai,zeroshot_classification,0.788827121257782,,,ViT-B-16 openai
,,,flickr30k,ViT-L-14,openai,zeroshot_retrieval,,0.8715999722480774,0.9739999771118164,ViT-L-14 openai
0.2505250525052505,0.6012601260126013,0.2483244206773618,fgvc_aircraft,ViT-L-14,laion400m_e32,zeroshot_classification,,,,ViT-L-14 laion400m_e32
0.5559259259259259,0.8868518518518519,0.5469811732579133,vtab/eurosat,ViT-B-16,openai,zeroshot_classification,,,,ViT-B-16 openai
0.9427636958299264,0.9983646770237122,0.9434000102313552,vtab/pets,ViT-g-14,laion2b_s12b_b42k,zeroshot_classification,,,,ViT-g-14 laion2b_s12b_b42k
0.1746174617461746,0.45004500450045,0.1753386809269162,fgvc_aircraft,ViT-B-16,laion400m_e32,zeroshot_classification,,,,ViT-B-16 laion400m_e32
,,,flickr30k,ViT-B-16,openai,zeroshot_retrieval,,0.855400025844574,0.9629999995231628,ViT-B-16 openai
0.8934314527119106,0.9956391387298992,0.8906060208128682,vtab/pets,ViT-B-32,laion2b_e16,zeroshot_classification,,,,ViT-B-32 laion2b_e16
0.6266666666666667,0.9611111111111112,0.6380077170682305,vtab/eurosat,ViT-L-14,openai,zeroshot_classification,,,,ViT-L-14 openai
0.5596,0.8341,0.5602,imagenetv2,ViT-B-32,openai,zeroshot_classification,,,,ViT-B-32 openai
0.481439996855902,0.763229774607479,0.4822572549019607,imagenet_sketch,ViT-B-16,openai,zeroshot_classification,,,,ViT-B-16 openai
0.2450666666666666,0.8254,0.1666666666666666,vtab/clevr_closest_object_distance,ViT-B-16,laion400m_e32,zeroshot_classification,,,,ViT-B-16 laion400m_e32
,,,flickr30k,ViT-H-14,laion2b_s32b_b79k,zeroshot_retrieval,,0.9409999847412108,0.9929999709129332,ViT-H-14 laion2b_s32b_b79k
,,,voc2007_multilabel,ViT-L-14,openai,zeroshot_classification,0.7903817892074585,,,ViT-L-14 openai
0.4267205349679576,0.9361939258846476,0.3989364402674789,fer2013,ViT-B-32-quickgelu,laion400m_e32,zeroshot_classification,,,,ViT-B-32-quickgelu laion400m_e32
0.6960663515824705,0.9390183349577946,0.6804128851625355,sun397,ViT-B-16,laion400m_e32,zeroshot_classification,,,,ViT-B-16 laion400m_e32
0.3318666666666666,0.6664,0.3409181030776702,imagenet-a,ViT-B-16,laion400m_e32,zeroshot_classification,,,,ViT-B-16 laion400m_e32
0.9083,0.9944,0.9082,vtab/cifar10,ViT-B-16,openai,zeroshot_classification,,,,ViT-B-16 openai
,,,voc2007_multilabel,ViT-L-14-336,openai,zeroshot_classification,0.8035513162612915,,,ViT-L-14-336 openai
0.5922666666666667,0.8565333333333334,0.5810468077571583,imagenet-a,ViT-H-14,laion2b_s32b_b79k,zeroshot_classification,,,,ViT-H-14 laion2b_s32b_b79k
0.6730158730158731,0.938095238095238,0.6781338184038964,vtab/resisc45,ViT-L-14,laion400m_e32,zeroshot_classification,,,,ViT-L-14 laion400m_e32
0.7354112959925005,1.0,0.1999235670840696,vtab/diabetic_retinopathy,ViT-B-32,laion2b_s34b_b79k,zeroshot_classification,,,,ViT-B-32 laion2b_s34b_b79k
,,,flickr30k,ViT-B-16-plus-240,laion400m_e32,zeroshot_retrieval,,0.8894000053405762,0.9710000157356262,ViT-B-16-plus-240 laion400m_e32
,,,flickr8k,ViT-B-32,openai,zeroshot_retrieval,,0.805400013923645,0.9139999747276306,ViT-B-32 openai
0.5897858319604613,,0.5895015488390944,renderedsst2,ViT-B-32,openai,zeroshot_classification,,,,ViT-B-32 openai
0.5388,0.8212,0.5362716338708938,imagenet-a,ViT-L-14,laion2b_s32b_b82k,zeroshot_classification,,,,ViT-L-14 laion2b_s32b_b82k
,,,mscoco_captions,ViT-B-16,openai,zeroshot_retrieval,,0.5836865305900574,0.7681999802589417,ViT-B-16 openai
,,,flickr8k,ViT-B-32,laion2b_s34b_b79k,zeroshot_retrieval,,0.8629999756813049,0.9409999847412109,ViT-B-32 laion2b_s34b_b79k
0.99425,0.999875,0.9945,stl10,ViT-L-14-336,openai,zeroshot_classification,,,,ViT-L-14-336 openai
0.5612707437000615,0.8849492931776275,0.5565312569182044,vtab/svhn,ViT-H-14,laion2b_s32b_b79k,zeroshot_classification,,,,ViT-H-14 laion2b_s32b_b79k
0.1097119341563786,0.5409053497942387,0.1081320376350696,vtab/smallnorb_label_elevation,ViT-L-14,laion400m_e32,zeroshot_classification,,,,ViT-L-14 laion400m_e32
0.805221688034188,0.9551282051282052,0.8491537874687232,voc2007,ViT-L-14,laion2b_s32b_b82k,zeroshot_classification,,,,ViT-L-14 laion2b_s32b_b82k
,,,flickr8k,ViT-L-14-336,openai,zeroshot_retrieval,,0.8795999884605408,0.9390000104904175,ViT-L-14-336 openai
0.1716,0.9095333333333332,0.1619443104834767,vtab/clevr_closest_object_distance,ViT-B-32,openai,zeroshot_classification,,,,ViT-B-32 openai
0.1573333333333333,0.6964666666666667,0.1495026928557915,vtab/clevr_count_all,ViT-B-32,laion2b_s34b_b79k,zeroshot_classification,,,,ViT-B-32 laion2b_s34b_b79k
,,,mscoco_captions,ViT-B-16-plus-240,laion400m_e32,zeroshot_retrieval,,0.6620951890945435,0.8101999759674072,ViT-B-16-plus-240 laion400m_e32
0.8336,0.9666,0.8325000000000001,vtab/cifar100,ViT-L-14,laion2b_s32b_b82k,zeroshot_classification,,,,ViT-L-14 laion2b_s32b_b82k
0.0984362139917695,0.5293827160493827,0.0977694426163014,vtab/smallnorb_label_elevation,ViT-B-16,laion400m_e32,zeroshot_classification,,,,ViT-B-16 laion400m_e32
,,,voc2007_multilabel,ViT-g-14,laion2b_s12b_b42k,zeroshot_classification,0.8066232800483704,,,ViT-g-14 laion2b_s12b_b42k
0.6087301587301587,0.9147619047619048,0.6152225643499313,vtab/resisc45,ViT-B-32,laion2b_s34b_b79k,zeroshot_classification,,,,ViT-B-32 laion2b_s34b_b79k
0.0550617283950617,0.2645267489711934,0.055379474051494,vtab/smallnorb_label_azimuth,ViT-B-16-plus-240,laion400m_e32,zeroshot_classification,,,,ViT-B-16-plus-240 laion400m_e32
0.1676666666666666,0.8819333333333333,0.1954414937508546,vtab/clevr_closest_object_distance,ViT-H-14,laion2b_s32b_b79k,zeroshot_classification,,,,ViT-H-14 laion2b_s32b_b79k
0.0200330946180555,0.1053195529513889,0.0222572574909185,vtab/dsprites_label_orientation,ViT-L-14,laion2b_s32b_b82k,zeroshot_classification,,,,ViT-L-14 laion2b_s32b_b82k
0.5526123046875,,0.5526478181769814,vtab/pcam,ViT-L-14,laion2b_s32b_b82k,zeroshot_classification,,,,ViT-L-14 laion2b_s32b_b82k
,,,mscoco_captions,ViT-L-14,openai,zeroshot_retrieval,,0.6108356714248657,0.7918000221252441,ViT-L-14 openai
,,,mscoco_captions,ViT-B-32-quickgelu,laion400m_e32,zeroshot_retrieval,,0.6084766387939453,0.7675999999046326,ViT-B-32-quickgelu laion400m_e32
0.7537811026183119,0.8923402179216132,0.7256696912813558,vtab/flowers,ViT-L-14,laion400m_e32,zeroshot_classification,,,,ViT-L-14 laion400m_e32
0.1659634317862166,,0.3247233185334074,vtab/kitti_closest_vehicle_distance,ViT-B-32,laion2b_e16,zeroshot_classification,,,,ViT-B-32 laion2b_e16
0.0193684895833333,0.1180826822916666,0.0197744129948227,vtab/dsprites_label_orientation,ViT-B-32-quickgelu,laion400m_e32,zeroshot_classification,,,,ViT-B-32-quickgelu laion400m_e32
0.9037884982284,0.9970019078768056,0.9039815014388496,vtab/pets,ViT-B-16-plus-240,laion400m_e32,zeroshot_classification,,,,ViT-B-16-plus-240 laion400m_e32
0.3742,0.7294,0.3706020613065869,mnist,ViT-B-32-quickgelu,laion400m_e32,zeroshot_classification,,,,ViT-B-32-quickgelu laion400m_e32
0.6746527403897922,0.8668030580381177,0.6650572756513145,objectnet,ViT-g-14,laion2b_s12b_b42k,zeroshot_classification,,,,ViT-g-14 laion2b_s12b_b42k
0.765625,0.959869123931624,0.8071517771314477,voc2007,ViT-B-32,openai,zeroshot_classification,,,,ViT-B-32 openai
0.546031746031746,0.902063492063492,0.5542849348347576,vtab/resisc45,ViT-B-32-quickgelu,laion400m_e32,zeroshot_classification,,,,ViT-B-32-quickgelu laion400m_e32
0.0427924262152777,0.1601019965277778,0.0430371102717507,vtab/dsprites_label_x_position,ViT-B-16-plus-240,laion400m_e32,zeroshot_classification,,,,ViT-B-16-plus-240 laion400m_e32
0.6957142857142857,0.9571428571428572,0.706242238089474,vtab/resisc45,ViT-H-14,laion2b_s32b_b79k,zeroshot_classification,,,,ViT-H-14 laion2b_s32b_b79k
0.6514814814814814,0.9551851851851852,0.6638062361650154,vtab/eurosat,ViT-L-14,laion2b_s32b_b82k,zeroshot_classification,,,,ViT-L-14 laion2b_s32b_b82k
0.8475333333333334,0.9550666666666666,0.8331685531673508,imagenet-r,ViT-L-14,laion400m_e32,zeroshot_classification,,,,ViT-L-14 laion400m_e32
0.1902,0.9085333333333332,0.1387289271305892,vtab/clevr_closest_object_distance,ViT-B-32,laion2b_s34b_b79k,zeroshot_classification,,,,ViT-B-32 laion2b_s34b_b79k
0.3852181929932391,0.7822295636140135,0.379296565517112,vtab/svhn,ViT-B-32,laion2b_e16,zeroshot_classification,,,,ViT-B-32 laion2b_e16
0.3182464454976303,0.5937914691943128,0.3175829383886256,country211,ViT-L-14,openai,zeroshot_classification,,,,ViT-L-14 openai
0.6659,0.9224,0.6665327286676481,mnist,ViT-B-16,laion400m_e32,zeroshot_classification,,,,ViT-B-16 laion400m_e32
0.6327693607655879,0.8639588123170037,0.6325447058823529,imagenet_sketch,ViT-L-14,laion2b_s32b_b82k,zeroshot_classification,,,,ViT-L-14 laion2b_s32b_b82k
0.2279620853080568,0.486303317535545,0.2282938388625592,country211,ViT-B-16,openai,zeroshot_classification,,,,ViT-B-16 openai
0.764,0.9231,0.7589335620721703,mnist,ViT-L-14,laion400m_e32,zeroshot_classification,,,,ViT-L-14 laion400m_e32
0.0268283420138888,0.1092258029513889,0.025387675404758,vtab/dsprites_label_orientation,ViT-B-32,laion2b_e16,zeroshot_classification,,,,ViT-B-32 laion2b_e16
0.3693369336933693,0.744974497449745,0.3649286987522281,fgvc_aircraft,ViT-L-14,laion2b_s32b_b82k,zeroshot_classification,,,,ViT-L-14 laion2b_s32b_b82k
0.4102258758451137,0.8022818070067609,0.4216815643098484,vtab/svhn,ViT-B-32,laion2b_s34b_b79k,zeroshot_classification,,,,ViT-B-32 laion2b_s34b_b79k
0.743319785938908,0.9583279695459478,0.7348385903018446,sun397,ViT-L-14,laion2b_s32b_b82k,zeroshot_classification,,,,ViT-L-14 laion2b_s32b_b82k
,,,flickr8k,ViT-H-14,laion2b_s32b_b79k,zeroshot_retrieval,,0.9277999997138977,0.9729999899864197,ViT-H-14 laion2b_s32b_b79k
0.5487,0.8411,0.5430718178404617,mnist,ViT-L-14,laion2b_s32b_b82k,zeroshot_classification,,,,ViT-L-14 laion2b_s32b_b82k
0.7171428571428572,0.958095238095238,0.7258469461953507,vtab/resisc45,ViT-g-14,laion2b_s12b_b42k,zeroshot_classification,,,,ViT-g-14 laion2b_s12b_b42k
0.3454976303317535,0.6221800947867299,0.3445971563981042,country211,ViT-L-14-336,openai,zeroshot_classification,,,,ViT-L-14-336 openai
0.9645,0.999375,0.965125,stl10,ViT-B-32,laion2b_e16,zeroshot_classification,,,,ViT-B-32 laion2b_e16
0.779,0.9289333333333334,0.7643246651538985,imagenet-r,ViT-B-16,laion400m_e32,zeroshot_classification,,,,ViT-B-16 laion400m_e32
0.1633333333333333,0.7125333333333334,0.1575975877364315,vtab/clevr_count_all,ViT-B-32-quickgelu,laion400m_e32,zeroshot_classification,,,,ViT-B-32-quickgelu laion400m_e32
0.8683565004088307,0.9934587080948488,0.8661667839491306,vtab/pets,ViT-B-32-quickgelu,laion400m_e32,zeroshot_classification,,,,ViT-B-32-quickgelu laion400m_e32
0.647962962962963,0.9805555555555556,0.6445566610022502,vtab/eurosat,ViT-g-14,laion2b_s12b_b42k,zeroshot_classification,,,,ViT-g-14 laion2b_s12b_b42k
0.6929582045861116,0.8668076109936576,0.6668176645957112,vtab/flowers,ViT-B-16,laion400m_e32,zeroshot_classification,,,,ViT-B-16 laion400m_e32
0.6630346397788258,0.8573751829565783,0.6645264657992297,vtab/flowers,ViT-B-32,openai,zeroshot_classification,,,,ViT-B-32 openai
0.1772666666666666,0.7803333333333333,0.2270014558851883,vtab/clevr_closest_object_distance,ViT-g-14,laion2b_s12b_b42k,zeroshot_classification,,,,ViT-g-14 laion2b_s12b_b42k
0.2784,0.8929333333333334,0.2563239722391655,vtab/clevr_count_all,ViT-H-14,laion2b_s32b_b79k,zeroshot_classification,,,,ViT-H-14 laion2b_s32b_b79k
0.8328402366863905,0.94543063773833,0.9085289082247568,vtab/caltech101,ViT-B-32-quickgelu,laion400m_e32,zeroshot_classification,,,,ViT-B-32-quickgelu laion400m_e32
0.2786954517516902,0.7308312845728334,0.2795999671407248,vtab/svhn,ViT-B-32-quickgelu,laion400m_e32,zeroshot_classification,,,,ViT-B-32-quickgelu laion400m_e32
0.035400390625,0.1624348958333333,0.0364155761076967,vtab/dsprites_label_x_position,ViT-g-14,laion2b_s12b_b42k,zeroshot_classification,,,,ViT-g-14 laion2b_s12b_b42k
0.2699554722287321,1.0,0.2211405088000341,vtab/diabetic_retinopathy,ViT-B-32,laion2b_e16,zeroshot_classification,,,,ViT-B-32 laion2b_e16
0.0259874131944444,0.1214463975694444,0.0262399607702056,vtab/dsprites_label_orientation,ViT-B-16-plus-240,laion400m_e32,zeroshot_classification,,,,ViT-B-16-plus-240 laion400m_e32
0.819197896120973,0.9465811965811964,0.8786521640800292,vtab/caltech101,ViT-B-32,openai,zeroshot_classification,,,,ViT-B-32 openai
0.4896907216494845,0.9721370855391472,0.4887152232577444,fer2013,ViT-L-14,openai,zeroshot_classification,,,,ViT-L-14 openai
,,,voc2007_multilabel,ViT-L-14,laion400m_e32,zeroshot_classification,0.7847012877464294,,,ViT-L-14 laion400m_e32
0.8020816392909416,0.9253537160513904,0.7985485908748879,vtab/flowers,ViT-H-14,laion2b_s32b_b79k,zeroshot_classification,,,,ViT-H-14 laion2b_s32b_b79k
0.5163895486935867,0.7605700712589074,0.4472134621454642,gtsrb,ViT-L-14-336,openai,zeroshot_classification,,,,ViT-L-14-336 openai
0.5255354200988468,,0.5258471570841294,renderedsst2,ViT-B-32-quickgelu,laion400m_e32,zeroshot_classification,,,,ViT-B-32-quickgelu laion400m_e32
0.2242797448867385,0.8738508906971629,0.1816019549723685,vtab/dmlab,ViT-L-14,laion2b_s32b_b82k,zeroshot_classification,,,,ViT-L-14 laion2b_s32b_b82k
0.5442040519562185,0.8052231327005837,0.5451807843137254,imagenet_sketch,ViT-B-16-plus-240,laion400m_e32,zeroshot_classification,,,,ViT-B-16-plus-240 laion400m_e32
0.545867919921875,,0.5459467330999297,vtab/pcam,ViT-B-32-quickgelu,laion400m_e32,zeroshot_classification,,,,ViT-B-32-quickgelu laion400m_e32
0.697049639280715,0.877516959190266,0.6846202591899297,objectnet,ViT-H-14,laion2b_s32b_b79k,zeroshot_classification,,,,ViT-H-14 laion2b_s32b_b79k
0.0558847736625514,0.2832098765432099,0.0522661133926831,vtab/smallnorb_label_azimuth,ViT-B-16,openai,zeroshot_classification,,,,ViT-B-16 openai
0.2352,0.7871333333333334,0.2199570643185355,vtab/clevr_count_all,ViT-B-32,openai,zeroshot_classification,,,,ViT-B-32 openai
0.8039,0.9392333333333334,0.7907448605291261,imagenet-r,ViT-B-16-plus-240,laion400m_e32,zeroshot_classification,,,,ViT-B-16-plus-240 laion400m_e32
0.2292545710267229,,0.3081761474014508,vtab/kitti_closest_vehicle_distance,ViT-L-14,laion2b_s32b_b82k,zeroshot_classification,,,,ViT-L-14 laion2b_s32b_b82k
0.04559670781893,0.274320987654321,0.0456436809466583,vtab/smallnorb_label_azimuth,ViT-L-14,openai,zeroshot_classification,,,,ViT-L-14 openai
0.585723876953125,,0.5857677281000415,vtab/pcam,ViT-B-32,laion2b_s34b_b79k,zeroshot_classification,,,,ViT-B-32 laion2b_s34b_b79k
0.8932,0.9735333333333334,0.8804663010091829,imagenet-r,ViT-H-14,laion2b_s32b_b79k,zeroshot_classification,,,,ViT-H-14 laion2b_s32b_b79k
0.3677333333333333,0.7024,0.3814206048810433,imagenet-a,ViT-B-16-plus-240,laion400m_e32,zeroshot_classification,,,,ViT-B-16-plus-240 laion400m_e32
0.378037803780378,0.8028802880288028,0.3781639928698752,fgvc_aircraft,ViT-g-14,laion2b_s12b_b42k,zeroshot_classification,,,,ViT-g-14 laion2b_s12b_b42k
0.5430851063829787,0.8356382978723405,0.5473404255319149,vtab/dtd,ViT-B-32-quickgelu,laion400m_e32,zeroshot_classification,,,,ViT-B-32-quickgelu laion400m_e32
0.9261285909712722,0.9976371098122124,0.9261518670531818,cars,ViT-L-14,laion2b_s32b_b82k,zeroshot_classification,,,,ViT-L-14 laion2b_s32b_b82k
0.6904,0.9518,0.6833555055021581,mnist,ViT-g-14,laion2b_s12b_b42k,zeroshot_classification,,,,ViT-g-14 laion2b_s12b_b42k
0.6174603174603175,0.921904761904762,0.624279367877562,vtab/resisc45,ViT-B-32,laion2b_e16,zeroshot_classification,,,,ViT-B-32 laion2b_e16
0.537057676232934,0.9492894956812482,0.5338791359180816,fer2013,ViT-L-14,laion2b_s32b_b82k,zeroshot_classification,,,,ViT-L-14 laion2b_s32b_b82k
,,,voc2007_multilabel,ViT-B-16,laion400m_e32,zeroshot_classification,0.7843208312988281,,,ViT-B-16 laion400m_e32
0.4582056283087211,0.9531903037057676,0.4167779537443768,fer2013,ViT-B-16,openai,zeroshot_classification,,,,ViT-B-16 openai
0.1594666666666666,0.8705333333333334,0.1702024394180443,vtab/clevr_closest_object_distance,ViT-B-16-plus-240,laion400m_e32,zeroshot_classification,,,,ViT-B-16-plus-240 laion400m_e32
0.955,0.9995,0.955375,stl10,ViT-B-32-quickgelu,laion400m_e32,zeroshot_classification,,,,ViT-B-32-quickgelu laion400m_e32
0.7640666666666667,0.9159,0.7521727338627011,imagenet-r,ViT-B-32,laion2b_s34b_b79k,zeroshot_classification,,,,ViT-B-32 laion2b_s34b_b79k
0.8328402366863905,0.952827087442472,0.9177765781998192,vtab/caltech101,ViT-B-16-plus-240,laion400m_e32,zeroshot_classification,,,,ViT-B-16-plus-240 laion400m_e32
0.53631591796875,,0.53614377703907,vtab/pcam,ViT-H-14,laion2b_s32b_b79k,zeroshot_classification,,,,ViT-H-14 laion2b_s32b_b79k
0.0517695473251028,0.2697942386831276,0.0537673960190341,vtab/smallnorb_label_azimuth,ViT-B-32,laion2b_e16,zeroshot_classification,,,,ViT-B-32 laion2b_e16
0.6453,0.888,0.6451,vtab/cifar100,ViT-B-32,openai,zeroshot_classification,,,,ViT-B-32 openai
,,,flickr30k,ViT-B-32,laion2b_e16,zeroshot_retrieval,,0.8812000155448914,0.9639999866485596,ViT-B-32 laion2b_e16
0.4393776246365888,0.684612899752342,0.4268760394558317,objectnet,ViT-B-32-quickgelu,laion400m_e32,zeroshot_classification,,,,ViT-B-32-quickgelu laion400m_e32
,,,flickr30k,ViT-g-14,laion2b_s12b_b42k,zeroshot_retrieval,,0.9348000288009644,0.99099999666214,ViT-g-14 laion2b_s12b_b42k
0.381760909649662,0.7632913337430854,0.4057750407393451,vtab/svhn,ViT-L-14,laion400m_e32,zeroshot_classification,,,,ViT-L-14 laion400m_e32
0.5006666666666667,0.8033333333333333,0.4832835476168289,imagenet-a,ViT-B-16,openai,zeroshot_classification,,,,ViT-B-16 openai
0.9705,0.9994,0.9711,vtab/cifar10,ViT-g-14,laion2b_s12b_b42k,zeroshot_classification,,,,ViT-g-14 laion2b_s12b_b42k
0.4800780161604904,0.9711618835330176,0.4909158276198425,fer2013,ViT-L-14-336,openai,zeroshot_classification,,,,ViT-L-14-336 openai
,,,mscoco_captions,ViT-L-14-336,openai,zeroshot_retrieval,,0.615513801574707,0.8101999759674072,ViT-L-14-336 openai
0.7068,0.9062666666666668,0.6753602288814418,imagenet-a,ViT-L-14,openai,zeroshot_classification,,,,ViT-L-14 openai
0.9078,0.9977,0.9083,vtab/cifar10,ViT-B-32-quickgelu,laion400m_e32,zeroshot_classification,,,,ViT-B-32-quickgelu laion400m_e32
0.3860633066994468,0.8061232329440688,0.3685311302620919,vtab/svhn,ViT-B-16,laion400m_e32,zeroshot_classification,,,,ViT-B-16 laion400m_e32
0.7160513904699951,0.8744511302650837,0.6998995164388323,vtab/flowers,ViT-B-32,laion2b_s34b_b79k,zeroshot_classification,,,,ViT-B-32 laion2b_s34b_b79k
0.1971197119711971,0.5022502250225023,0.197344028520499,fgvc_aircraft,ViT-B-32,openai,zeroshot_classification,,,,ViT-B-32 openai
0.6033343577135832,0.8973570989551322,0.5683458085959752,vtab/svhn,ViT-g-14,laion2b_s12b_b42k,zeroshot_classification,,,,ViT-g-14 laion2b_s12b_b42k
0.4899860019381932,0.7341983417680629,0.4820376550831692,objectnet,ViT-B-32,laion2b_s34b_b79k,zeroshot_classification,,,,ViT-B-32 laion2b_s34b_b79k
0.7626201923076923,0.9526575854700856,0.815718996924191,voc2007,ViT-B-16-plus-240,laion400m_e32,zeroshot_classification,,,,ViT-B-16-plus-240 laion400m_e32
0.1462728551336146,,0.1818997858588953,vtab/kitti_closest_vehicle_distance,ViT-g-14,laion2b_s12b_b42k,zeroshot_classification,,,,ViT-g-14 laion2b_s12b_b42k
0.6787234042553192,0.923936170212766,0.6813829787234043,vtab/dtd,ViT-H-14,laion2b_s32b_b79k,zeroshot_classification,,,,ViT-H-14 laion2b_s32b_b79k
0.1721574664614031,0.8585001099626127,0.1577427840925754,vtab/dmlab,ViT-B-32-quickgelu,laion400m_e32,zeroshot_classification,,,,ViT-B-32-quickgelu laion400m_e32
0.7916734428362335,0.9193364774760124,0.7931691849985836,vtab/flowers,ViT-L-14,openai,zeroshot_classification,,,,ViT-L-14 openai
0.0549794238683127,0.2670781893004115,0.0559609415916413,vtab/smallnorb_label_azimuth,ViT-H-14,laion2b_s32b_b79k,zeroshot_classification,,,,ViT-H-14 laion2b_s32b_b79k
0.7843883547008547,0.9570646367521368,0.835061321772101,voc2007,ViT-B-16,openai,zeroshot_classification,,,,ViT-B-16 openai
0.6177777777777778,0.957037037037037,0.6299267597724122,vtab/eurosat,ViT-L-14,laion400m_e32,zeroshot_classification,,,,ViT-L-14 laion400m_e32
0.543701171875,,0.5435553179465629,vtab/pcam,ViT-B-16-plus-240,laion400m_e32,zeroshot_classification,,,,ViT-B-16-plus-240 laion400m_e32
0.0315348307291666,0.1596544053819444,0.0323590170008084,vtab/dsprites_label_x_position,ViT-L-14,laion2b_s32b_b82k,zeroshot_classification,,,,ViT-L-14 laion2b_s32b_b82k
0.5796296296296296,0.9525925925925924,0.5888803943202612,vtab/eurosat,ViT-B-16-plus-240,laion400m_e32,zeroshot_classification,,,,ViT-B-16-plus-240 laion400m_e32
0.9185064050149904,0.9956391387298992,0.9161666963118203,vtab/pets,ViT-L-14,laion400m_e32,zeroshot_classification,,,,ViT-L-14 laion400m_e32
0.5381177990739744,0.7715085603531818,0.5274232792623416,objectnet,ViT-B-16-plus-240,laion400m_e32,zeroshot_classification,,,,ViT-B-16-plus-240 laion400m_e32
,,,flickr30k,ViT-L-14,laion2b_s32b_b82k,zeroshot_retrieval,,0.929199993610382,0.9869999885559082,ViT-L-14 laion2b_s32b_b82k
0.8368362144011939,0.987439373212287,0.8375394945435981,cars,ViT-B-16,laion400m_e32,zeroshot_classification,,,,ViT-B-16 laion400m_e32
,,,flickr8k,ViT-B-32-quickgelu,laion400m_e32,zeroshot_retrieval,,0.8303999900817871,0.9169999957084656,ViT-B-32-quickgelu laion400m_e32
0.9742,0.9994,0.9742999999999998,vtab/cifar10,ViT-H-14,laion2b_s32b_b79k,zeroshot_classification,,,,ViT-H-14 laion2b_s32b_b79k
0.613015873015873,0.91,0.6150226494017114,vtab/resisc45,ViT-B-16-plus-240,laion400m_e32,zeroshot_classification,,,,ViT-B-16-plus-240 laion400m_e32
0.1901913349461183,0.8472839234660215,0.1733383864929211,vtab/dmlab,ViT-g-14,laion2b_s12b_b42k,zeroshot_classification,,,,ViT-g-14 laion2b_s12b_b42k
0.1979333333333333,0.8076,0.1820160989597282,vtab/clevr_count_all,ViT-B-32,laion2b_e16,zeroshot_classification,,,,ViT-B-32 laion2b_e16
,,,voc2007_multilabel,ViT-L-14,laion2b_s32b_b82k,zeroshot_classification,0.8199208974838257,,,ViT-L-14 laion2b_s32b_b82k
0.1674,0.8695333333333334,0.1827530663763387,vtab/clevr_closest_object_distance,ViT-B-32,laion2b_e16,zeroshot_classification,,,,ViT-B-32 laion2b_e16
0.1715165876777251,0.4024170616113744,0.1707582938388625,country211,ViT-B-32,openai,zeroshot_classification,,,,ViT-B-32 openai
0.75202,0.94252,0.7526400000000001,imagenet1k,ViT-L-14,laion2b_s32b_b82k,zeroshot_classification,,,,ViT-L-14 laion2b_s32b_b82k
0.8923412373943854,0.9967293540474244,0.8919759072052595,vtab/pets,ViT-B-16,laion400m_e32,zeroshot_classification,,,,ViT-B-16 laion400m_e32
0.487670937870141,0.7249919241951115,0.4750858280106649,objectnet,ViT-B-32,laion2b_e16,zeroshot_classification,,,,ViT-B-32 laion2b_e16
0.8959084690958836,0.9960203954732,0.8961635505798664,cars,ViT-L-14,laion400m_e32,zeroshot_classification,,,,ViT-L-14 laion400m_e32
0.7832532051282052,0.9692174145299144,0.864352156405908,voc2007,ViT-L-14,openai,zeroshot_classification,,,,ViT-L-14 openai
0.5031481481481481,0.92,0.5110567650187513,vtab/eurosat,ViT-B-16,laion400m_e32,zeroshot_classification,,,,ViT-B-16 laion400m_e32
0.161,0.9128666666666668,0.1739135544326629,vtab/clevr_closest_object_distance,ViT-L-14,laion2b_s32b_b82k,zeroshot_classification,,,,ViT-L-14 laion2b_s32b_b82k
0.8441736102474816,0.9912946150976246,0.8456794155511405,cars,ViT-B-16-plus-240,laion400m_e32,zeroshot_classification,,,,ViT-B-16-plus-240 laion400m_e32
0.7372,0.9338,0.7372000000000001,vtab/cifar100,ViT-B-16-plus-240,laion400m_e32,zeroshot_classification,,,,ViT-B-16-plus-240 laion400m_e32
0.7136119694259229,0.8591640917222313,0.691284904068223,vtab/flowers,ViT-B-16,openai,zeroshot_classification,,,,ViT-B-16 openai
0.1485814822960193,0.8129316032548933,0.1482313831309264,vtab/dmlab,ViT-B-16-plus-240,laion400m_e32,zeroshot_classification,,,,ViT-B-16-plus-240 laion400m_e32
0.6112026359143328,,0.6113264286955011,renderedsst2,ViT-B-16,openai,zeroshot_classification,,,,ViT-B-16 openai
0.5370675453047776,,0.5373060332349024,renderedsst2,ViT-B-32,laion2b_e16,zeroshot_classification,,,,ViT-B-32 laion2b_e16
,,,mscoco_captions,ViT-B-32,openai,zeroshot_retrieval,,0.5584565997123718,0.748199999332428,ViT-B-32 openai
,,,flickr8k,ViT-B-16,openai,zeroshot_retrieval,,0.8285999894142151,0.9139999747276306,ViT-B-16 openai
0.8379355687047995,0.9518408941485864,0.9328934325841473,vtab/caltech101,ViT-L-14-336,openai,zeroshot_classification,,,,ViT-L-14-336 openai
0.0307752821180555,0.1437852647569444,0.0304426618193977,vtab/dsprites_label_orientation,ViT-g-14,laion2b_s12b_b42k,zeroshot_classification,,,,ViT-g-14 laion2b_s12b_b42k
0.841715976331361,0.940828402366864,0.9341112975275198,vtab/caltech101,ViT-L-14,laion400m_e32,zeroshot_classification,,,,ViT-L-14 laion400m_e32
0.0311008029513888,0.1568060980902778,0.0321637232587243,vtab/dsprites_label_x_position,ViT-B-16,laion400m_e32,zeroshot_classification,,,,ViT-B-16 laion400m_e32
,,,flickr30k,ViT-L-14-336,openai,zeroshot_retrieval,,0.8889999985694885,0.9810000061988832,ViT-L-14-336 openai
0.5961406197803062,0.8388060288077973,0.5956784313725489,imagenet_sketch,ViT-L-14,laion400m_e32,zeroshot_classification,,,,ViT-L-14 laion400m_e32
0.4657286152131513,0.9445528002229032,0.4812190866355833,fer2013,ViT-g-14,laion2b_s12b_b42k,zeroshot_classification,,,,ViT-g-14 laion2b_s12b_b42k
0.0562962962962962,0.274156378600823,0.0567608380809354,vtab/smallnorb_label_azimuth,ViT-L-14,laion2b_s32b_b82k,zeroshot_classification,,,,ViT-L-14 laion2b_s32b_b82k
0.1583333333333333,0.8006,0.1676244908434004,vtab/clevr_closest_object_distance,ViT-B-16,openai,zeroshot_classification,,,,ViT-B-16 openai
0.7326224513709867,1.0,0.2068672210509669,vtab/diabetic_retinopathy,ViT-L-14-336,openai,zeroshot_classification,,,,ViT-L-14-336 openai
0.8911666666666667,0.9757333333333332,0.8776131879598171,imagenet-r,ViT-L-14-336,openai,zeroshot_classification,,,,ViT-L-14-336 openai
0.988625,0.999875,0.988625,stl10,ViT-L-14,laion2b_s32b_b82k,zeroshot_classification,,,,ViT-L-14 laion2b_s32b_b82k
0.6865218750574692,0.9403608143148756,0.6921311150610732,sun397,ViT-L-14-336,openai,zeroshot_classification,,,,ViT-L-14-336 openai
0.5509033203125,,0.5508520491113902,vtab/pcam,ViT-g-14,laion2b_s12b_b42k,zeroshot_classification,,,,ViT-g-14 laion2b_s12b_b42k
0.1606666666666666,0.9079333333333334,0.1772310296867651,vtab/clevr_closest_object_distance,ViT-L-14,openai,zeroshot_classification,,,,ViT-L-14 openai
0.5574468085106383,0.8648936170212767,0.5622340425531915,vtab/dtd,ViT-B-32,laion2b_s34b_b79k,zeroshot_classification,,,,ViT-B-32 laion2b_s34b_b79k
0.2315333333333333,0.805,0.2332901934437162,vtab/clevr_count_all,ViT-B-16-plus-240,laion400m_e32,zeroshot_classification,,,,ViT-B-16-plus-240 laion400m_e32
0.0298394097222222,0.1414794921875,0.0308127750442299,vtab/dsprites_label_x_position,ViT-L-14,laion400m_e32,zeroshot_classification,,,,ViT-L-14 laion400m_e32
0.0623868312757201,0.2708641975308642,0.0631906837062103,vtab/smallnorb_label_azimuth,ViT-B-32,laion2b_s34b_b79k,zeroshot_classification,,,,ViT-B-32 laion2b_s34b_b79k
0.4774310392867094,0.9402340484814712,0.4649079545536754,fer2013,ViT-B-32,laion2b_e16,zeroshot_classification,,,,ViT-B-32 laion2b_e16
0.5230010414824422,0.7913694511584036,0.5233670588235293,imagenet_sketch,ViT-B-16,laion400m_e32,zeroshot_classification,,,,ViT-B-16 laion400m_e32
0.7341666666666666,0.9035,0.7214778957504825,imagenet-r,ViT-B-32-quickgelu,laion400m_e32,zeroshot_classification,,,,ViT-B-32-quickgelu laion400m_e32
0.8353057199211046,0.9546351084812624,0.9005042720791782,vtab/caltech101,ViT-B-16,laion400m_e32,zeroshot_classification,,,,ViT-B-16 laion400m_e32
0.3109333333333333,0.8006,0.3066391557930237,vtab/clevr_count_all,ViT-L-14,laion2b_s32b_b82k,zeroshot_classification,,,,ViT-L-14 laion2b_s32b_b82k
0.6985172981878089,,0.6986603265589717,renderedsst2,ViT-L-14,openai,zeroshot_classification,,,,ViT-L-14 openai
0.1087242798353909,0.540164609053498,0.1086253991970707,vtab/smallnorb_label_elevation,ViT-B-32,laion2b_e16,zeroshot_classification,,,,ViT-B-32 laion2b_e16
0.9351,0.998,0.936,vtab/cifar10,ViT-B-32,laion2b_s34b_b79k,zeroshot_classification,,,,ViT-B-32 laion2b_s34b_b79k
,,,flickr8k,ViT-L-14,openai,zeroshot_retrieval,,0.8633999824523926,0.9409999847412109,ViT-L-14 openai
0.65528,0.894,0.6563199999999999,imagenet1k,ViT-B-32,laion2b_e16,zeroshot_classification,,,,ViT-B-32 laion2b_e16
0.5930807248764415,,0.5925413265010712,renderedsst2,ViT-L-14,laion2b_s32b_b82k,zeroshot_classification,,,,ViT-L-14 laion2b_s32b_b82k
0.1650710900473933,0.3788625592417061,0.164218009478673,country211,ViT-B-32,laion2b_e16,zeroshot_classification,,,,ViT-B-32 laion2b_e16
0.168016801680168,0.4119411941194119,0.1658110516934046,fgvc_aircraft,ViT-B-32-quickgelu,laion400m_e32,zeroshot_classification,,,,ViT-B-32-quickgelu laion400m_e32
0.0303819444444444,0.1311170789930555,0.0332405586865836,vtab/dsprites_label_orientation,ViT-B-16,laion400m_e32,zeroshot_classification,,,,ViT-B-16 laion400m_e32
0.3171317131713171,0.7827782778277828,0.3170053475935828,fgvc_aircraft,ViT-L-14,openai,zeroshot_classification,,,,ViT-L-14 openai
0.6691,0.8925,0.6685000000000001,vtab/cifar100,ViT-B-16,openai,zeroshot_classification,,,,ViT-B-16 openai
0.0516872427983539,0.2725925925925926,0.0526600212836742,vtab/smallnorb_label_azimuth,ViT-L-14,laion400m_e32,zeroshot_classification,,,,ViT-L-14 laion400m_e32
0.6559,0.8854,0.6541,imagenetv2,ViT-L-14,laion400m_e32,zeroshot_classification,,,,ViT-L-14 laion400m_e32
0.5569148936170213,0.8558510638297873,0.5542553191489361,vtab/dtd,ViT-B-16-plus-240,laion400m_e32,zeroshot_classification,,,,ViT-B-16-plus-240 laion400m_e32
0.1663981042654028,0.3825118483412322,0.1670142180094786,country211,ViT-B-32,laion2b_s34b_b79k,zeroshot_classification,,,,ViT-B-32 laion2b_s34b_b79k
0.7074,0.9179,0.7075,imagenetv2,ViT-L-14-336,openai,zeroshot_classification,,,,ViT-L-14-336 openai
0.3137333333333333,0.6410666666666667,0.3236449813371542,imagenet-a,ViT-B-32,openai,zeroshot_classification,,,,ViT-B-32 openai
0.0454320987654321,0.2672427983539094,0.0450240211431134,vtab/smallnorb_label_azimuth,ViT-B-32-quickgelu,laion400m_e32,zeroshot_classification,,,,ViT-B-32-quickgelu laion400m_e32
0.8741,0.9655666666666668,0.8599962924086103,imagenet-r,ViT-L-14,laion2b_s32b_b82k,zeroshot_classification,,,,ViT-L-14 laion2b_s32b_b82k
0.4275427542754275,0.8361836183618362,0.4260962566844919,fgvc_aircraft,ViT-H-14,laion2b_s32b_b79k,zeroshot_classification,,,,ViT-H-14 laion2b_s32b_b79k
,,,mscoco_captions,ViT-L-14,laion2b_s32b_b82k,zeroshot_retrieval,,0.7107957005500793,0.8399999737739563,ViT-L-14 laion2b_s32b_b82k
0.5958,0.8547,0.5955999999999999,imagenetv2,ViT-B-16,laion400m_e32,zeroshot_classification,,,,ViT-B-16 laion400m_e32
0.7540228405391985,0.9617025580668296,0.7523924485563404,sun397,ViT-g-14,laion2b_s12b_b42k,zeroshot_classification,,,,ViT-g-14 laion2b_s12b_b42k
0.2418241824182418,0.6054605460546054,0.2405525846702317,fgvc_aircraft,ViT-B-16,openai,zeroshot_classification,,,,ViT-B-16 openai
0.0590123456790123,0.279835390946502,0.0603763349553147,vtab/smallnorb_label_azimuth,ViT-B-16,laion400m_e32,zeroshot_classification,,,,ViT-B-16 laion400m_e32
0.7613,0.9289,0.7611,vtab/cifar100,ViT-L-14,openai,zeroshot_classification,,,,ViT-L-14 openai
0.9277453053102848,0.9983832856609874,0.9288577913034778,cars,ViT-g-14,laion2b_s12b_b42k,zeroshot_classification,,,,ViT-g-14 laion2b_s12b_b42k
0.0257297092013888,0.1208224826388889,0.0259727501505128,vtab/dsprites_label_orientation,ViT-L-14,laion400m_e32,zeroshot_classification,,,,ViT-L-14 laion400m_e32
0.8254437869822485,0.954963839579224,0.908884143116176,vtab/caltech101,ViT-B-16,openai,zeroshot_classification,,,,ViT-B-16 openai
0.980125,0.999875,0.980875,stl10,ViT-L-14,laion400m_e32,zeroshot_classification,,,,ViT-L-14 laion400m_e32
0.2463246324632463,0.5724572457245725,0.2460249554367201,fgvc_aircraft,ViT-B-32,laion2b_s34b_b79k,zeroshot_classification,,,,ViT-B-32 laion2b_s34b_b79k
0.8102964743589743,0.9655448717948718,0.8579252085748035,voc2007,ViT-g-14,laion2b_s12b_b42k,zeroshot_classification,,,,ViT-g-14 laion2b_s12b_b42k
0.2044,0.7866666666666666,0.2151124081246672,vtab/clevr_count_all,ViT-B-16,openai,zeroshot_classification,,,,ViT-B-16 openai
0.2872511848341232,0.542085308056872,0.2880094786729857,country211,ViT-g-14,laion2b_s12b_b42k,zeroshot_classification,,,,ViT-g-14 laion2b_s12b_b42k
0.06,0.288312757201646,0.0630119225348046,vtab/smallnorb_label_azimuth,ViT-B-32,openai,zeroshot_classification,,,,ViT-B-32 openai
0.9664,0.9987,0.9665,vtab/cifar10,ViT-L-14,laion2b_s32b_b82k,zeroshot_classification,,,,ViT-L-14 laion2b_s32b_b82k
0.1895333333333333,0.7248666666666667,0.1870254885776544,vtab/clevr_count_all,ViT-L-14,openai,zeroshot_classification,,,,ViT-L-14 openai
0.8415619947767691,0.9900509886829996,0.8435641961196442,cars,ViT-B-32,laion2b_e16,zeroshot_classification,,,,ViT-B-32 laion2b_e16
0.337965783923131,1.0,0.2591163084325771,vtab/diabetic_retinopathy,ViT-B-32-quickgelu,laion400m_e32,zeroshot_classification,,,,ViT-B-32-quickgelu laion400m_e32
0.1582,0.8814666666666666,0.1812267071156741,vtab/clevr_closest_object_distance,ViT-L-14-336,openai,zeroshot_classification,,,,ViT-L-14-336 openai
0.0475720164609053,0.2691358024691358,0.0457953163680852,vtab/smallnorb_label_azimuth,ViT-L-14-336,openai,zeroshot_classification,,,,ViT-L-14-336 openai
0.3651623119556611,0.7007917656373713,0.3512103003164681,gtsrb,ViT-B-32,laion2b_e16,zeroshot_classification,,,,ViT-B-32 laion2b_e16
0.1592258632065097,0.8009676709918627,0.1713416703583154,vtab/dmlab,ViT-L-14-336,openai,zeroshot_classification,,,,ViT-L-14-336 openai
0.4948535233570863,0.7578780680918448,0.4319824074083427,gtsrb,ViT-B-16-plus-240,laion400m_e32,zeroshot_classification,,,,ViT-B-16-plus-240 laion400m_e32
0.3294329432943294,0.7836783678367837,0.3317290552584671,fgvc_aircraft,ViT-L-14-336,openai,zeroshot_classification,,,,ViT-L-14-336 openai
0.684701252367729,0.9328576420177648,0.6783238400960281,sun397,ViT-B-32,laion2b_e16,zeroshot_classification,,,,ViT-B-32 laion2b_e16
0.6885672467067816,0.8466417303626605,0.6732279033655394,vtab/flowers,ViT-B-32,laion2b_e16,zeroshot_classification,,,,ViT-B-32 laion2b_e16
0.8385930309007232,0.9539776462853384,0.9334530557615972,vtab/caltech101,ViT-L-14,openai,zeroshot_classification,,,,ViT-L-14 openai
0.6696489324530592,0.9273222134358275,0.6609448269493161,sun397,ViT-B-32-quickgelu,laion400m_e32,zeroshot_classification,,,,ViT-B-32-quickgelu laion400m_e32
0.3000947867298578,0.556872037914692,0.2994312796208531,country211,ViT-H-14,laion2b_s32b_b79k,zeroshot_classification,,,,ViT-H-14 laion2b_s32b_b79k
0.409445528002229,0.9413485650599052,0.3587300457745208,fer2013,ViT-B-32,openai,zeroshot_classification,,,,ViT-B-32 openai
0.96975,0.999875,0.96975,stl10,ViT-B-16,laion400m_e32,zeroshot_classification,,,,ViT-B-16 laion400m_e32
